activity_code,activity_label,activity_main_code,activity_main_label,activity_display
110,اشتغال در شرکت‌ها، نهادهای دولتی و مؤسسات غیرانتفاعی، برای مزد,1,اشتغال و فعالیت‌های مرتبط، برای مزد,110 — اشتغال در شرکت‌ها، نهادهای دولتی و مؤسسات غیرانتفاعی، برای مزد
121,کاشت محصولات کشاورزی در بنگاه‌های اقتصادی خانگی، برای فروش,1,اشتغال و فعالیت‌های مرتبط، برای مزد,121 — کاشت محصولات کشاورزی در بنگاه‌های اقتصادی خانگی، برای فروش
122,پرورش حیوانات در بنگاه‌های اقتصادی خانگی، برای فروش,1,اشتغال و فعالیت‌های مرتبط، برای مزد,122 — پرورش حیوانات در بنگاه‌های اقتصادی خانگی، برای فروش
123,جنگل‌داری و بریدن درختان در بنگاه‌های اقتصادی خانگی، برای فروش,1,اشتغال و فعالیت‌های مرتبط، برای مزد,123 — جنگل‌داری و بریدن درختان در بنگاه‌های اقتصادی خانگی، برای فروش
124,ماهیگیری در بنگاه‌های اقتصادی خانگی، برای فروش,1,اشتغال و فعالیت‌های مرتبط، برای مزد,124 — ماهیگیری در بنگاه‌های اقتصادی خانگی، برای فروش
125,آبزی‌پروری در بنگاه‌های اقتصادی خانگی، برای فروش,1,اشتغال و فعالیت‌های مرتبط، برای مزد,125 — آبزی‌پروری در بنگاه‌های اقتصادی خانگی، برای فروش
126,معدن‌کاری و استخراج معدن در بنگاه‌های اقتصادی خانگی، برای فروش,1,اشتغال و فعالیت‌های مرتبط، برای مزد,126 — معدن‌کاری و استخراج معدن در بنگاه‌های اقتصادی خانگی، برای فروش
127,تولید و فرآوری کالاها در بنگاه‌های اقتصادی خانگی، برای فروش,1,اشتغال و فعالیت‌های مرتبط، برای مزد,127 — تولید و فرآوری کالاها در بنگاه‌های اقتصادی خانگی، برای فروش
128,فعالیت‌های ساخت ‌و ساز در بنگاه‌های اقتصادی خانگی، برای فروش,1,اشتغال و فعالیت‌های مرتبط، برای مزد,128 — فعالیت‌های ساخت ‌و ساز در بنگاه‌های اقتصادی خانگی، برای فروش
129,سایر فعالیت‌های مرتبط با اشتغال در بنگاه‌های اقتصادی خانگی تولید کالاها، برای مزد,1,اشتغال و فعالیت‌های مرتبط، برای مزد,129 — سایر فعالیت‌های مرتبط با اشتغال در بنگاه‌های اقتصادی خانگی تولید کالاها، برای مزد
131,خرید و فروش کالاها در بنگاه‌های اقتصادی خانگی,1,اشتغال و فعالیت‌های مرتبط، برای مزد,131 — خرید و فروش کالاها در بنگاه‌های اقتصادی خانگی
132,ارائه خدمات بامزد تعمیر، نصب، نگهداری و دفع در خانوارها و بنگاه‌های اقتصادی خانگی,1,اشتغال و فعالیت‌های مرتبط، برای مزد,132 — ارائه خدمات بامزد تعمیر، نصب، نگهداری و دفع در خانوارها و بنگاه‌های اقتصادی خانگی
133,ارائه خدمات بامزد شغلی و حرفه‌ای در خانوارها و بنگاه‌های اقتصادی خانگی,1,اشتغال و فعالیت‌های مرتبط، برای مزد,133 — ارائه خدمات بامزد شغلی و حرفه‌ای در خانوارها و بنگاه‌های اقتصادی خانگی
134,حمل و نقل کالاها و مسافران برای مزد یا سود در خانوارها و بنگاه‌های اقتصادی خانگی,1,اشتغال و فعالیت‌های مرتبط، برای مزد,134 — حمل و نقل کالاها و مسافران برای مزد یا سود در خانوارها و بنگاه‌های اقتصادی خانگی
135,ارائه خدمات بامزد مراقبت‌های شخصی در خانوارها و بنگاه‌های اقتصادی خانگی,1,اشتغال و فعالیت‌های مرتبط، برای مزد,135 — ارائه خدمات بامزد مراقبت‌های شخصی در خانوارها و بنگاه‌های اقتصادی خانگی
136,ارائه خدمات خانگی بامزد,1,اشتغال و فعالیت‌های مرتبط، برای مزد,136 — ارائه خدمات خانگی بامزد
139,سایر فعالیت‌های بامزد مرتبط با اشتغال در خانوارها و بنگاه‌های اقتصادی خانگی ارائه خدمات,1,اشتغال و فعالیت‌های مرتبط، برای مزد,139 — سایر فعالیت‌های بامزد مرتبط با اشتغال در خانوارها و بنگاه‌های اقتصادی خانگی ارائه خدمات
141,فعالیت‌های فرعی (جانبی) شغل,1,اشتغال و فعالیت‌های مرتبط، برای مزد,141 — فعالیت‌های فرعی (جانبی) شغل
142,وقفه‌های زمان کاری در شغل,1,اشتغال و فعالیت‌های مرتبط، برای مزد,142 — وقفه‌های زمان کاری در شغل
150,مهارت‌آموزی و مطالعات مرتبط با شغل,1,اشتغال و فعالیت‌های مرتبط، برای مزد,150 — مهارت‌آموزی و مطالعات مرتبط با شغل
160,جستجوی شغل,1,اشتغال و فعالیت‌های مرتبط، برای مزد,160 — جستجوی شغل
170,راه‌اندازی کسب و کار,1,اشتغال و فعالیت‌های مرتبط، برای مزد,170 — راه‌اندازی کسب و کار
181,سفر مرتبط با اشتغال,1,اشتغال و فعالیت‌های مرتبط، برای مزد,181 — سفر مرتبط با اشتغال
182,تردد (رفت و آمد) برای اشتغال,1,اشتغال و فعالیت‌های مرتبط، برای مزد,182 — تردد (رفت و آمد) برای اشتغال
211,کاشت محصولات باغچه‌ خانگی، برای استفاده نهایی خود,2,تولید کالاها، برای استفاده نهایی خود,211 — کاشت محصولات باغچه‌ خانگی، برای استفاده نهایی خود
212,پرورش حیوانات و تولید فرآورده‌های حیوانی، برای استفاده نهایی خود,2,تولید کالاها، برای استفاده نهایی خود,212 — پرورش حیوانات و تولید فرآورده‌های حیوانی، برای استفاده نهایی خود
213,شکار، تله‌گذاری و تولید فرآورده‌های پوست‌ حیوانات، برای استفاده نهایی خود,2,تولید کالاها، برای استفاده نهایی خود,213 — شکار، تله‌گذاری و تولید فرآورده‌های پوست‌ حیوانات، برای استفاده نهایی خود
214,جنگل‌داری و بریدن درختان، برای استفاده نهایی خود,2,تولید کالاها، برای استفاده نهایی خود,214 — جنگل‌داری و بریدن درختان، برای استفاده نهایی خود
215,جمع‌آوری محصولات وحشی (خودرو)، برای استفاده نهایی خود,2,تولید کالاها، برای استفاده نهایی خود,215 — جمع‌آوری محصولات وحشی (خودرو)، برای استفاده نهایی خود
216,ماهیگیری، برای استفاده نهایی خود,2,تولید کالاها، برای استفاده نهایی خود,216 — ماهیگیری، برای استفاده نهایی خود
217,آبزی‌پروری، برای استفاده نهایی خود,2,تولید کالاها، برای استفاده نهایی خود,217 — آبزی‌پروری، برای استفاده نهایی خود
218,معدن‌کاری و استخراج معدن، برای استفاده نهایی خود,2,تولید کالاها، برای استفاده نهایی خود,218 — معدن‌کاری و استخراج معدن، برای استفاده نهایی خود
221,تولید و فرآوری محصولات خوراکی، آشامیدنی‌ و تنباکو، برای استفاده نهایی خود,2,تولید کالاها، برای استفاده نهایی خود,221 — تولید و فرآوری محصولات خوراکی، آشامیدنی‌ و تنباکو، برای استفاده نهایی خود
222,تولید و فرآوری منسوجات، پوشاک، چرم و محصولات مرتبط، برای استفاده نهایی خود,2,تولید کالاها، برای استفاده نهایی خود,222 — تولید و فرآوری منسوجات، پوشاک، چرم و محصولات مرتبط، برای استفاده نهایی خود
223,تولید و فرآوری محصولات چوب و پوست درختان، برای استفاده نهایی خود,2,تولید کالاها، برای استفاده نهایی خود,223 — تولید و فرآوری محصولات چوب و پوست درختان، برای استفاده نهایی خود
224,تولید و فرآوری آجر، بلوک‌های بتونی، بلوک‌های توخالی و کاشی، برای استفاده نهایی,2,تولید کالاها، برای استفاده نهایی خود,224 — تولید و فرآوری آجر، بلوک‌های بتونی، بلوک‌های توخالی و کاشی، برای استفاده نهایی
225,تولید و فرآوری فرآورده‌های گیاهی و دارویی، برای استفاده نهایی خود,2,تولید کالاها، برای استفاده نهایی خود,225 — تولید و فرآوری فرآورده‌های گیاهی و دارویی، برای استفاده نهایی خود
226,تولید و فرآوری فلزات و محصولات فلزی، برای استفاده نهایی خود,2,تولید کالاها، برای استفاده نهایی خود,226 — تولید و فرآوری فلزات و محصولات فلزی، برای استفاده نهایی خود
227,تولید و فرآوری محصولات با استفاده از سایر مواد، برای استفاده نهایی خود,2,تولید کالاها، برای استفاده نهایی خود,227 — تولید و فرآوری محصولات با استفاده از سایر مواد، برای استفاده نهایی خود
229,تهیه ملزومات و رد کردن محصولات و سایر فعالیت‌های مرتبط با تولید و فرآوری کالاها، برای استفاده نهایی خود,2,تولید کالاها، برای استفاده نهایی خود,229 — تهیه ملزومات و رد کردن محصولات و سایر فعالیت‌های مرتبط با تولید و فرآوری کالاها، برای استفاده نهایی خود
230,فعالیت‌های ساخت و ساز، برای استفاده نهایی خود,2,تولید کالاها، برای استفاده نهایی خود,230 — فعالیت‌های ساخت و ساز، برای استفاده نهایی خود
241,جمع‌آوری هیزم و سایر فرآورده‌های طبیعی مورد استفاده به‌عنوان سوخت، برای استفاده نهایی خود,2,تولید کالاها، برای استفاده نهایی خود,241 — جمع‌آوری هیزم و سایر فرآورده‌های طبیعی مورد استفاده به‌عنوان سوخت، برای استفاده نهایی خود
242,تهیه آب از منابع طبیعی و سایر منابع، برای استفاده نهایی خود,2,تولید کالاها، برای استفاده نهایی خود,242 — تهیه آب از منابع طبیعی و سایر منابع، برای استفاده نهایی خود
250,سفر، جابجایی، حمل و نقل یا همراهی کالاها و افراد، مرتبط با خودمصرفی تولید کالاها,2,تولید کالاها، برای استفاده نهایی خود,250 — سفر، جابجایی، حمل و نقل یا همراهی کالاها و افراد، مرتبط با خودمصرفی تولید کالاها
311,آماده‌سازی وعده‌های غذایی/ میان‌وعده‌ها، بدون مزد برای اعضای خانوار و خانواده,3,خدمات خانگی بدون مزد، برای اعضای خانوار و خانواده,311 — آماده‌سازی وعده‌های غذایی/ میان‌وعده‌ها، بدون مزد برای اعضای خانوار و خانواده
312,ارائه وعده‌های غذایی/ میان‌وعده‌ها، بدون مزد برای اعضای خانوار و خانواده,3,خدمات خانگی بدون مزد، برای اعضای خانوار و خانواده,312 — ارائه وعده‌های غذایی/ میان‌وعده‌ها، بدون مزد برای اعضای خانوار و خانواده
313,تمیز کردن پس از آماده‌سازی غذا/ وعده‌های غذایی/ میان‌وعده‌ها، بدون مزد برای اعضای خانوار و خانواده,3,خدمات خانگی بدون مزد، برای اعضای خانوار و خانواده,313 — تمیز کردن پس از آماده‌سازی غذا/ وعده‌های غذایی/ میان‌وعده‌ها، بدون مزد برای اعضای خانوار و خانواده
314,ذخیره کردن، مرتب کردن و نگهداری مواد خوراکی، بدون مزد برای اعضای خانوار و خانواده,3,خدمات خانگی بدون مزد، برای اعضای خانوار و خانواده,314 — ذخیره کردن، مرتب کردن و نگهداری مواد خوراکی، بدون مزد برای اعضای خانوار و خانواده
319,سایر فعالیت‌های مرتبط با مدیریت و تهیه غذا و وعده‌های غذایی، بدون مزد برای اعضای خانوار و خانواده,3,خدمات خانگی بدون مزد، برای اعضای خانوار و خانواده,319 — سایر فعالیت‌های مرتبط با مدیریت و تهیه غذا و وعده‌های غذایی، بدون مزد برای اعضای خانوار و خانواده
321,تمیز کردن داخل خانه، بدون مزد برای اعضای خانوار و خانواده,3,خدمات خانگی بدون مزد، برای اعضای خانوار و خانواده,321 — تمیز کردن داخل خانه، بدون مزد برای اعضای خانوار و خانواده
322,تمیز کردن بیرون خانه، بدون مزد برای اعضای خانوار و خانواده,3,خدمات خانگی بدون مزد، برای اعضای خانوار و خانواده,322 — تمیز کردن بیرون خانه، بدون مزد برای اعضای خانوار و خانواده
323,بازیافت و دفع پسماند (زباله)، بدون مزد برای اعضای خانوار و خانواده,3,خدمات خانگی بدون مزد، برای اعضای خانوار و خانواده,323 — بازیافت و دفع پسماند (زباله)، بدون مزد برای اعضای خانوار و خانواده
324,نگهداری از گیاهان در فضای داخل خانه/ فضای خارج از خانه، پرچین‌ها، باغچه، حیاط، چشم‌انداز (منظره) و غیره، بدون مزد برای اعضای خانوار و خانواده,3,خدمات خانگی بدون مزد، برای اعضای خانوار و خانواده,324 — نگهداری از گیاهان در فضای داخل خانه/ فضای خارج از خانه، پرچین‌ها، باغچه، حیاط، چشم‌انداز (منظره) و غیره، بدون مزد برای اعضای خانوار و خانواده
325,مراقبت از کوره، دیگ بخار و شومینه، برای گرمایش و تأمین آب، بدون مزد برای اعضای خانوار و خانواده,3,خدمات خانگی بدون مزد، برای اعضای خانوار و خانواده,325 — مراقبت از کوره، دیگ بخار و شومینه، برای گرمایش و تأمین آب، بدون مزد برای اعضای خانوار و خانواده
329,سایر فعالیت‌های مرتبط با تمیز کردن و نگهداری محل سکونت و محیط اطراف، بدون مزد برای اعضای خانوار و خانواده,3,خدمات خانگی بدون مزد، برای اعضای خانوار و خانواده,329 — سایر فعالیت‌های مرتبط با تمیز کردن و نگهداری محل سکونت و محیط اطراف، بدون مزد برای اعضای خانوار و خانواده
331,بهسازی، نگهداری و مرمت محل سکونت شخصی توسط خود، بدون مزد برای اعضای خانوار و خانواده,3,خدمات خانگی بدون مزد، برای اعضای خانوار و خانواده,331 — بهسازی، نگهداری و مرمت محل سکونت شخصی توسط خود، بدون مزد برای اعضای خانوار و خانواده
332,نصب، سرویس و تعمیر کالاهای شخصی و خانگی از جمله تجهیزات ICT توسط خود، بدون مزد برای اعضای خانوار و خانواده,3,خدمات خانگی بدون مزد، برای اعضای خانوار و خانواده,332 — نصب، سرویس و تعمیر کالاهای شخصی و خانگی از جمله تجهیزات ICT توسط خود، بدون مزد برای اعضای خانوار و خانواده
333,تعمیر و نگهداری وسایل نقلیه توسط خود، بدون مزد برای اعضای خانوار و خانواده,3,خدمات خانگی بدون مزد، برای اعضای خانوار و خانواده,333 — تعمیر و نگهداری وسایل نقلیه توسط خود، بدون مزد برای اعضای خانوار و خانواده
339,سایر فعالیت‌های مرتبط با تزئین، نگهداری و مرمت خانه توسط خود، بدون مزد برای اعضای خانوار و خانواده,3,خدمات خانگی بدون مزد، برای اعضای خانوار و خانواده,339 — سایر فعالیت‌های مرتبط با تزئین، نگهداری و مرمت خانه توسط خود، بدون مزد برای اعضای خانوار و خانواده
341,شست‌وشوی لباس‌ها با دست/ ماشین لباسشویی، بدون مزد برای اعضای خانوار و خانواده,3,خدمات خانگی بدون مزد، برای اعضای خانوار و خانواده,341 — شست‌وشوی لباس‌ها با دست/ ماشین لباسشویی، بدون مزد برای اعضای خانوار و خانواده
342,خشک کردن؛ آویزان کردن، جمع کردن لباس‌های شسته شده، بدون مزد برای اعضای خانوار و خانواده,3,خدمات خانگی بدون مزد، برای اعضای خانوار و خانواده,342 — خشک کردن؛ آویزان کردن، جمع کردن لباس‌های شسته شده، بدون مزد برای اعضای خانوار و خانواده
343,اتو کردن/ پرس کردن/ تا کردن لباس‌ها، بدون مزد برای اعضای خانوار و خانواده,3,خدمات خانگی بدون مزد، برای اعضای خانوار و خانواده,343 — اتو کردن/ پرس کردن/ تا کردن لباس‌ها، بدون مزد برای اعضای خانوار و خانواده
344,مرمت/ تعمیر و مراقبت از لباس‌ها و کفش‌ها؛ تمیز کردن و واکس زدن کفش‌ها، بدون مزد برای اعضای خانوار و خانواده,3,خدمات خانگی بدون مزد، برای اعضای خانوار و خانواده,344 — مرمت/ تعمیر و مراقبت از لباس‌ها و کفش‌ها؛ تمیز کردن و واکس زدن کفش‌ها، بدون مزد برای اعضای خانوار و خانواده
349,سایر فعالیت‌های مرتبط با مراقبت و نگهداری از منسوجات و پاپوش، بدون مزد برای اعضای خانوار و خانواده,3,خدمات خانگی بدون مزد، برای اعضای خانوار و خانواده,349 — سایر فعالیت‌های مرتبط با مراقبت و نگهداری از منسوجات و پاپوش، بدون مزد برای اعضای خانوار و خانواده
351,پرداخت صورتحساب‌های خانوار، بدون مزد برای اعضای خانوار و خانواده,3,خدمات خانگی بدون مزد، برای اعضای خانوار و خانواده,351 — پرداخت صورتحساب‌های خانوار، بدون مزد برای اعضای خانوار و خانواده
352,بودجه‌بندی، برنامه‌ریزی، سازمان‌دهی وظایف و فعالیت‌ها در خانوار، بدون مزد برای اعضای خانوار و خانواده,3,خدمات خانگی بدون مزد، برای اعضای خانوار و خانواده,352 — بودجه‌بندی، برنامه‌ریزی، سازمان‌دهی وظایف و فعالیت‌ها در خانوار، بدون مزد برای اعضای خانوار و خانواده
359,سایر فعالیت‌های مرتبط با مدیریت خانوار، بدون مزد برای اعضای خانوار و خانواده,3,خدمات خانگی بدون مزد، برای اعضای خانوار و خانواده,359 — سایر فعالیت‌های مرتبط با مدیریت خانوار، بدون مزد برای اعضای خانوار و خانواده
361,مراقبت روزانه از حیوانات خانگی، بدون مزد برای اعضای خانوار و خانواده,3,خدمات خانگی بدون مزد، برای اعضای خانوار و خانواده,361 — مراقبت روزانه از حیوانات خانگی، بدون مزد برای اعضای خانوار و خانواده
362,استفاده از مراقبت‌های دامپزشکی یا سایر خدمات مراقبتی حیوانات خانگی (آراستن، محل نگهداری، مراقبت روزانه یا در تعطیلات)، بدون مزد برای اعضای خانوار و خانواده,3,خدمات خانگی بدون مزد، برای اعضای خانوار و خانواده,362 — استفاده از مراقبت‌های دامپزشکی یا سایر خدمات مراقبتی حیوانات خانگی (آراستن، محل نگهداری، مراقبت روزانه یا در تعطیلات)، بدون مزد برای اعضای خانوار و خانواده
369,سایر فعالیت‌های مرتبط با مراقبت از حیوانات خانگی، بدون مزد برای اعضای خانوار و خانواده,3,خدمات خانگی بدون مزد، برای اعضای خانوار و خانواده,369 — سایر فعالیت‌های مرتبط با مراقبت از حیوانات خانگی، بدون مزد برای اعضای خانوار و خانواده
371,خرید کردن/ خریدن کالاها و فعالیت‌های مرتبط، بدون مزد برای اعضای خانوار و خانواده خود,3,خدمات خانگی بدون مزد، برای اعضای خانوار و خانواده,371 — خرید کردن/ خریدن کالاها و فعالیت‌های مرتبط، بدون مزد برای اعضای خانوار و خانواده خود
372,خرید خدمات/ استفاده از خدمات و فعالیت‌های مرتبط، بدون مزد برای اعضای خانوار و خانواده خود,3,خدمات خانگی بدون مزد، برای اعضای خانوار و خانواده,372 — خرید خدمات/ استفاده از خدمات و فعالیت‌های مرتبط، بدون مزد برای اعضای خانوار و خانواده خود
380,سفر، جابجایی، حمل و نقل یا همراهی کالاها یا افراد، مرتبط با خدمات خانگی، بدون مزد برای اعضای خانوار و خانواده,3,خدمات خانگی بدون مزد، برای اعضای خانوار و خانواده,380 — سفر، جابجایی، حمل و نقل یا همراهی کالاها یا افراد، مرتبط با خدمات خانگی، بدون مزد برای اعضای خانوار و خانواده
390,سایر خدمات خانگی بدون مزد، برای اعضای خانوار و خانواده,3,خدمات خانگی بدون مزد، برای اعضای خانوار و خانواده,390 — سایر خدمات خانگی بدون مزد، برای اعضای خانوار و خانواده
411,مراقبت از کودکان شامل غذا دادن، تمیز کردن، مراقبت‌های فیزیکی، بدون مزد برای اعضای خانوار و خانواده,4,خدمات مراقبتی بدون مزد، برای اعضای خانوار و خانواده,411 — مراقبت از کودکان شامل غذا دادن، تمیز کردن، مراقبت‌های فیزیکی، بدون مزد برای اعضای خانوار و خانواده
412,ارائه مراقبت‌های پزشکی به کودکان، بدون مزد برای اعضای خانوار و خانواده,4,خدمات مراقبتی بدون مزد، برای اعضای خانوار و خانواده,412 — ارائه مراقبت‌های پزشکی به کودکان، بدون مزد برای اعضای خانوار و خانواده
413,آموزش، تعلیم، مهارت‌آموزی، کمک به کودکان، بدون مزد برای اعضای خانوار و خانواده,4,خدمات مراقبتی بدون مزد، برای اعضای خانوار و خانواده,413 — آموزش، تعلیم، مهارت‌آموزی، کمک به کودکان، بدون مزد برای اعضای خانوار و خانواده
414,صحبت کردن با کودکان و خواندن برای آن‌ها، بدون مزد برای اعضای خانوار و خانواده,4,خدمات مراقبتی بدون مزد، برای اعضای خانوار و خانواده,414 — صحبت کردن با کودکان و خواندن برای آن‌ها، بدون مزد برای اعضای خانوار و خانواده
415,بازی کردن و ورزش کردن با کودکان، بدون مزد برای اعضای خانوار و خانواده,4,خدمات مراقبتی بدون مزد، برای اعضای خانوار و خانواده,415 — بازی کردن و ورزش کردن با کودکان، بدون مزد برای اعضای خانوار و خانواده
416,نظارت و پائیدن کودکان (مراقبت‌های غیرمستقیم)، بدون مزد برای اعضای خانوار و خانواده,4,خدمات مراقبتی بدون مزد، برای اعضای خانوار و خانواده,416 — نظارت و پائیدن کودکان (مراقبت‌های غیرمستقیم)، بدون مزد برای اعضای خانوار و خانواده
417,جلسات و قرارهایی با مدارس و ارائه‌دهندگان خدمات مراقبت از کودکان، بدون مزد برای اعضای خانوار و خانواده,4,خدمات مراقبتی بدون مزد، برای اعضای خانوار و خانواده,417 — جلسات و قرارهایی با مدارس و ارائه‌دهندگان خدمات مراقبت از کودکان، بدون مزد برای اعضای خانوار و خانواده
419,سایر فعالیت‌های مرتبط با مراقبت از کودکان و آموزش آن‌ها، بدون مزد برای اعضای خانوار و خانواده,4,خدمات مراقبتی بدون مزد، برای اعضای خانوار و خانواده,419 — سایر فعالیت‌های مرتبط با مراقبت از کودکان و آموزش آن‌ها، بدون مزد برای اعضای خانوار و خانواده
421,کمک به بزرگسالان وابسته برای انجام وظایف زندگی روزانه، بدون مزد برای اعضای خانوار و خانواده,4,خدمات مراقبتی بدون مزد، برای اعضای خانوار و خانواده,421 — کمک به بزرگسالان وابسته برای انجام وظایف زندگی روزانه، بدون مزد برای اعضای خانوار و خانواده
422,کمک به بزرگسالان وابسته برای دریافت مراقبت‌های پزشکی، بدون مزد برای اعضای خانوار و خانواده,4,خدمات مراقبتی بدون مزد، برای اعضای خانوار و خانواده,422 — کمک به بزرگسالان وابسته برای دریافت مراقبت‌های پزشکی، بدون مزد برای اعضای خانوار و خانواده
423,کمک به بزرگسالان وابسته برای انجام کارهای اداری، حساب‌ها و تکمیل فرم‌ها، بدون مزد برای اعضای خانوار و خانواده,4,خدمات مراقبتی بدون مزد، برای اعضای خانوار و خانواده,423 — کمک به بزرگسالان وابسته برای انجام کارهای اداری، حساب‌ها و تکمیل فرم‌ها، بدون مزد برای اعضای خانوار و خانواده
424,حمایت عاطفی/ احساسی از بزرگسالان وابسته، بدون مزد برای اعضای خانوار و خانواده,4,خدمات مراقبتی بدون مزد، برای اعضای خانوار و خانواده,424 — حمایت عاطفی/ احساسی از بزرگسالان وابسته، بدون مزد برای اعضای خانوار و خانواده
425,مراقبت‌های غیرمستقیم از بزرگسالان وابسته، بدون مزد برای اعضای خانوار و خانواده,4,خدمات مراقبتی بدون مزد، برای اعضای خانوار و خانواده,425 — مراقبت‌های غیرمستقیم از بزرگسالان وابسته، بدون مزد برای اعضای خانوار و خانواده
426,جلسات و قرارهایی با ارائه‌دهندگان خدمات مراقبت از بزرگسالان وابسته، بدون مزد برای اعضای خانوار و خانواده,4,خدمات مراقبتی بدون مزد، برای اعضای خانوار و خانواده,426 — جلسات و قرارهایی با ارائه‌دهندگان خدمات مراقبت از بزرگسالان وابسته، بدون مزد برای اعضای خانوار و خانواده
429,سایر فعالیت‌های مرتبط با مراقبت از بزرگسالان وابسته، بدون مزد برای اعضای خانوار و خانواده,4,خدمات مراقبتی بدون مزد، برای اعضای خانوار و خانواده,429 — سایر فعالیت‌های مرتبط با مراقبت از بزرگسالان وابسته، بدون مزد برای اعضای خانوار و خانواده
431,غذا دادن، تمیز کردن، مراقبت‌های فیزیکی (بدون مزد) برای بزرگسالان مستقل اعضای خانوار و خانواده از جمله برای بیماری‌های زودگذر,4,خدمات مراقبتی بدون مزد، برای اعضای خانوار و خانواده,431 — غذا دادن، تمیز کردن، مراقبت‌های فیزیکی (بدون مزد) برای بزرگسالان مستقل اعضای خانوار و خانواده از جمله برای بیماری‌های زودگذر
432,حمایت عاطفی/ احساسی (بدون مزد) از بزرگسالان مستقل اعضای خانوار و خانواده,4,خدمات مراقبتی بدون مزد، برای اعضای خانوار و خانواده,432 — حمایت عاطفی/ احساسی (بدون مزد) از بزرگسالان مستقل اعضای خانوار و خانواده
439,سایر فعالیت‌های (بدون مزد) مرتبط با مراقبت از بزرگسالان مستقل اعضای خانوار و خانواده,4,خدمات مراقبتی بدون مزد، برای اعضای خانوار و خانواده,439 — سایر فعالیت‌های (بدون مزد) مرتبط با مراقبت از بزرگسالان مستقل اعضای خانوار و خانواده
441,سفر مرتبط با خدمات مراقبتی، بدون مزد برای اعضای خانوار و خانواده,4,خدمات مراقبتی بدون مزد، برای اعضای خانوار و خانواده,441 — سفر مرتبط با خدمات مراقبتی، بدون مزد برای اعضای خانوار و خانواده
442,همراهی کردن (بدون مزد) فرزندان خود,4,خدمات مراقبتی بدون مزد، برای اعضای خانوار و خانواده,442 — همراهی کردن (بدون مزد) فرزندان خود
443,همراهی کردن بزرگسالان وابسته، بدون مزد برای اعضای خانوار و خانواده,4,خدمات مراقبتی بدون مزد، برای اعضای خانوار و خانواده,443 — همراهی کردن بزرگسالان وابسته، بدون مزد برای اعضای خانوار و خانواده
444,همراهی کردن (بدون مزد) بزرگسالان مستقل اعضای خانوار و خانواده,4,خدمات مراقبتی بدون مزد، برای اعضای خانوار و خانواده,444 — همراهی کردن (بدون مزد) بزرگسالان مستقل اعضای خانوار و خانواده
490,سایر فعالیت‌های مرتبط با خدمات مراقبتی بدون مزد، برای اعضای خانوار و خانواده,4,خدمات مراقبتی بدون مزد، برای اعضای خانوار و خانواده,490 — سایر فعالیت‌های مرتبط با خدمات مراقبتی بدون مزد، برای اعضای خانوار و خانواده
511,کار داوطلبانه بدون مزد نگهداری، مدیریت، ساخت ‌و ساز، بازسازی و مرمت، برای سایر خانوارها,5,کار داوطلبانه بدون مزد، کارآموزی و سایر کارهای بدون مزد,511 — کار داوطلبانه بدون مزد نگهداری، مدیریت، ساخت ‌و ساز، بازسازی و مرمت، برای سایر خانوارها
512,کار داوطلبانه بدون مزد خرید کردن/ خرید کالا‌ها و خدمات، برای سایر خانوارها,5,کار داوطلبانه بدون مزد، کارآموزی و سایر کارهای بدون مزد,512 — کار داوطلبانه بدون مزد خرید کردن/ خرید کالا‌ها و خدمات، برای سایر خانوارها
513,مراقبت و آموزش داوطلبانه بدون مزد کودکان، برای سایر خانوارها,5,کار داوطلبانه بدون مزد، کارآموزی و سایر کارهای بدون مزد,513 — مراقبت و آموزش داوطلبانه بدون مزد کودکان، برای سایر خانوارها
514,مراقبت‌های داوطلبانه بدون مزد از بزرگسالان، برای سایر خانوارها,5,کار داوطلبانه بدون مزد، کارآموزی و سایر کارهای بدون مزد,514 — مراقبت‌های داوطلبانه بدون مزد از بزرگسالان، برای سایر خانوارها
515,کار داوطلبانه بدون مزد به‌عنوان کمک به سایر خانوارها در بنگاه‌های اقتصادی با مالکیت سایر خانوارها,5,کار داوطلبانه بدون مزد، کارآموزی و سایر کارهای بدون مزد,515 — کار داوطلبانه بدون مزد به‌عنوان کمک به سایر خانوارها در بنگاه‌های اقتصادی با مالکیت سایر خانوارها
519,سایر فعالیت‌های مرتبط با کار داوطلبانه بی‌واسطه بدون مزد، برای سایر خانوارها,5,کار داوطلبانه بدون مزد، کارآموزی و سایر کارهای بدون مزد,519 — سایر فعالیت‌های مرتبط با کار داوطلبانه بی‌واسطه بدون مزد، برای سایر خانوارها
521,کار داوطلبانه بدون مزد مرمت جاده/ ساختمان، پاکسازی و آماده‌سازی زمین، پاکسازی (خیابان‌ها، بازارها و غیره) و ساخت ‌و ساز، به‌صورت انجمن‌محور/ سازمان‌محور,5,کار داوطلبانه بدون مزد، کارآموزی و سایر کارهای بدون مزد,521 — کار داوطلبانه بدون مزد مرمت جاده/ ساختمان، پاکسازی و آماده‌سازی زمین، پاکسازی (خیابان‌ها، بازارها و غیره) و ساخت ‌و ساز، به‌صورت انجمن‌محور/ سازمان‌محور
522,کار داوطلبانه بدون مزد آماده‌سازی/ ارائه وعده‌های غذایی، تمیز کردن و پاکسازی آنها، به‌صورت انجمن‌محور/ سازمان‌محور,5,کار داوطلبانه بدون مزد، کارآموزی و سایر کارهای بدون مزد,522 — کار داوطلبانه بدون مزد آماده‌سازی/ ارائه وعده‌های غذایی، تمیز کردن و پاکسازی آنها، به‌صورت انجمن‌محور/ سازمان‌محور
523,کار داوطلبانه بدون مزد فعالیت‌های فرهنگی، تفریحی و ورزشی، به‌صورت انجمن‌محور/ سازمان‌محور,5,کار داوطلبانه بدون مزد، کارآموزی و سایر کارهای بدون مزد,523 — کار داوطلبانه بدون مزد فعالیت‌های فرهنگی، تفریحی و ورزشی، به‌صورت انجمن‌محور/ سازمان‌محور
524,کار داوطلبانه بدون مزد امور دفتری/ اداری، به‌صورت انجمن‌محور/ سازمان‌محور,5,کار داوطلبانه بدون مزد، کارآموزی و سایر کارهای بدون مزد,524 — کار داوطلبانه بدون مزد امور دفتری/ اداری، به‌صورت انجمن‌محور/ سازمان‌محور
529,سایر فعالیت‌های مرتبط با کار داوطلبانه بدون مزد، به‌صورت انجمن‌محور/ سازمان‌محور,5,کار داوطلبانه بدون مزد، کارآموزی و سایر کارهای بدون مزد,529 — سایر فعالیت‌های مرتبط با کار داوطلبانه بدون مزد، به‌صورت انجمن‌محور/ سازمان‌محور
530,کار کارآموزی بدون مزد و فعالیت‌های مرتبط,5,کار داوطلبانه بدون مزد، کارآموزی و سایر کارهای بدون مزد,530 — کار کارآموزی بدون مزد و فعالیت‌های مرتبط
540,سفر مرتبط با کار داوطلبانه بدون مزد، کارآموزی و سایر کارهای بدون مزد,5,کار داوطلبانه بدون مزد، کارآموزی و سایر کارهای بدون مزد,540 — سفر مرتبط با کار داوطلبانه بدون مزد، کارآموزی و سایر کارهای بدون مزد
590,سایر فعالیت‌های کاری بدون مزد,5,کار داوطلبانه بدون مزد، کارآموزی و سایر کارهای بدون مزد,590 — سایر فعالیت‌های کاری بدون مزد
611,حضور در مدرسه/ دانشگاه,6,یادگیری,611 — حضور در مدرسه/ دانشگاه
612,فعالیت‌های فوق برنامه آموزش رسمی,6,یادگیری,612 — فعالیت‌های فوق برنامه آموزش رسمی
613,وقفه‌های زمانی در محل آموزش رسمی,6,یادگیری,613 — وقفه‌های زمانی در محل آموزش رسمی
614,خودآموزی برای دوره‌های آموزشی از راه دور (تصویری، صوتی، برخط),6,یادگیری,614 — خودآموزی برای دوره‌های آموزشی از راه دور (تصویری، صوتی، برخط)
619,سایر فعالیت‌های مرتبط با آموزش رسمی,6,یادگیری,619 — سایر فعالیت‌های مرتبط با آموزش رسمی
620,انجام تکالیف، برخورداری از معلم خصوصی، مرور دروس، پژوهش‌ها و فعالیت‌های مرتبط با آموزش رسمی,6,یادگیری,620 — انجام تکالیف، برخورداری از معلم خصوصی، مرور دروس، پژوهش‌ها و فعالیت‌های مرتبط با آموزش رسمی
630,مطالعه اضافی (تکمیلی)،‌ کلاس‌ها و دوره‌های غیررسمی,6,یادگیری,630 — مطالعه اضافی (تکمیلی)،‌ کلاس‌ها و دوره‌های غیررسمی
640,سفر مرتبط با یادگیری,6,یادگیری,640 — سفر مرتبط با یادگیری
690,سایر فعالیت‌های مرتبط با یادگیری,6,یادگیری,690 — سایر فعالیت‌های مرتبط با یادگیری
711,صحبت‌ کردن، گفتگو کردن، گپ زدن,7,معاشرت، ارتباط، مشارکت اجتماعی و آداب و رسوم دینی,711 — صحبت‌ کردن، گفتگو کردن، گپ زدن
712,فعالیت‌های معاشرت/ دور هم جمع شدن/ گرد هم آمدن,7,معاشرت، ارتباط، مشارکت اجتماعی و آداب و رسوم دینی,712 — فعالیت‌های معاشرت/ دور هم جمع شدن/ گرد هم آمدن
713,خواندن و نوشتن نامه (شامل نامه الکترونیکی),7,معاشرت، ارتباط، مشارکت اجتماعی و آداب و رسوم دینی,713 — خواندن و نوشتن نامه (شامل نامه الکترونیکی)
719,سایر فعالیت‌های مرتبط با معاشرت و ارتباط,7,معاشرت، ارتباط، مشارکت اجتماعی و آداب و رسوم دینی,719 — سایر فعالیت‌های مرتبط با معاشرت و ارتباط
721,شرکت در مراسم گرامیداشت رویدادهای فرهنگی/ تاریخی جامعه,7,معاشرت، ارتباط، مشارکت اجتماعی و آداب و رسوم دینی,721 — شرکت در مراسم گرامیداشت رویدادهای فرهنگی/ تاریخی جامعه
722,شرکت در مراسم (مناسک)/ رویدادهای اجتماعی (غیردینی) مربوط به عروسی‌ها، خاکسپاری‌ها، تولدها و مراسم‌ گذار مشابه,7,معاشرت، ارتباط، مشارکت اجتماعی و آداب و رسوم دینی,722 — شرکت در مراسم (مناسک)/ رویدادهای اجتماعی (غیردینی) مربوط به عروسی‌ها، خاکسپاری‌ها، تولدها و مراسم‌ گذار مشابه
723,شرکت در جشن‌های اجتماعی جامعه (موسیقی، رقص و غیره),7,معاشرت، ارتباط، مشارکت اجتماعی و آداب و رسوم دینی,723 — شرکت در جشن‌های اجتماعی جامعه (موسیقی، رقص و غیره)
729,سایر فعالیت‌های مرتبط با مشارکت اجتماعی,7,معاشرت، ارتباط، مشارکت اجتماعی و آداب و رسوم دینی,729 — سایر فعالیت‌های مرتبط با مشارکت اجتماعی
730,نقش داشتن در مسئولیت‌های مربوط به شهروندی,7,معاشرت، ارتباط، مشارکت اجتماعی و آداب و رسوم دینی,730 — نقش داشتن در مسئولیت‌های مربوط به شهروندی
741,عبادت فردی، مراقبه (مدیتیشن) و سایر فعالیت‌های معنوی,7,معاشرت، ارتباط، مشارکت اجتماعی و آداب و رسوم دینی,741 — عبادت فردی، مراقبه (مدیتیشن) و سایر فعالیت‌های معنوی
742,شرکت در آداب و رسوم دینی گروهی,7,معاشرت، ارتباط، مشارکت اجتماعی و آداب و رسوم دینی,742 — شرکت در آداب و رسوم دینی گروهی
749,سایر فعالیت‌های مرتبط با آداب و رسوم دینی,7,معاشرت، ارتباط، مشارکت اجتماعی و آداب و رسوم دینی,749 — سایر فعالیت‌های مرتبط با آداب و رسوم دینی
750,سفر مرتبط با معاشرت، ارتباط، مشارکت اجتماعی و آداب و رسوم دینی,7,معاشرت، ارتباط، مشارکت اجتماعی و آداب و رسوم دینی,750 — سفر مرتبط با معاشرت، ارتباط، مشارکت اجتماعی و آداب و رسوم دینی
790,سایر فعالیت‌های مرتبط با معاشرت، ارتباط، مشارکت اجتماعی و آداب و رسوم دینی,7,معاشرت، ارتباط، مشارکت اجتماعی و آداب و رسوم دینی,790 — سایر فعالیت‌های مرتبط با معاشرت، ارتباط، مشارکت اجتماعی و آداب و رسوم دینی
811,حضور در/ بازدید از رویدادهای فرهنگی سازمان‌یافته/ همگانی و نمایش‌ها,8,فرهنگ، فراغت، رسانههای گروهی، تمرین‌های ورزشی,811 — حضور در/ بازدید از رویدادهای فرهنگی سازمان‌یافته/ همگانی و نمایش‌ها
812,حضور در/ بازدید از پارک‎ها/ بوستان‌ها,8,فرهنگ، فراغت، رسانههای گروهی، تمرین‌های ورزشی,812 — حضور در/ بازدید از پارک‎ها/ بوستان‌ها
813,حضور در/ بازدید از رویدادهای ورزشی,8,فرهنگ، فراغت، رسانههای گروهی، تمرین‌های ورزشی,813 — حضور در/ بازدید از رویدادهای ورزشی
819,سایر فعالیت‌های مرتبط با حضور در/ بازدید از رویدادهای فرهنگی، تفریحی و ورزشی,8,فرهنگ، فراغت، رسانههای گروهی، تمرین‌های ورزشی,819 — سایر فعالیت‌های مرتبط با حضور در/ بازدید از رویدادهای فرهنگی، تفریحی و ورزشی
821,هنرهای تجسمی، ادبی و نمایشی (به‌عنوان سرگرمی),8,فرهنگ، فراغت، رسانههای گروهی، تمرین‌های ورزشی,821 — هنرهای تجسمی، ادبی و نمایشی (به‌عنوان سرگرمی)
822,سرگرمی‌ها,8,فرهنگ، فراغت، رسانههای گروهی، تمرین‌های ورزشی,822 — سرگرمی‌ها
823,بازی‌ها و سایر فعالیت‌های تفریحی,8,فرهنگ، فراغت، رسانههای گروهی، تمرین‌های ورزشی,823 — بازی‌ها و سایر فعالیت‌های تفریحی
829,سایر فعالیت‌های مرتبط با مشارکت فرهنگی، سرگرمی‌ها، بازی‌ها,8,فرهنگ، فراغت، رسانههای گروهی، تمرین‌های ورزشی,829 — سایر فعالیت‌های مرتبط با مشارکت فرهنگی، سرگرمی‌ها، بازی‌ها
831,شرکت در ورزش‌ها,8,فرهنگ، فراغت، رسانههای گروهی، تمرین‌های ورزشی,831 — شرکت در ورزش‌ها
832,انجام تمرین‌های فیزیکی (بدنی),8,فرهنگ، فراغت، رسانههای گروهی، تمرین‌های ورزشی,832 — انجام تمرین‌های فیزیکی (بدنی)
841,مطالعه در اوقات فراغت,8,فرهنگ، فراغت، رسانههای گروهی، تمرین‌های ورزشی,841 — مطالعه در اوقات فراغت
842,تماشا کردن/ گوش کردن تلویزیون و ویدئو,8,فرهنگ، فراغت، رسانههای گروهی، تمرین‌های ورزشی,842 — تماشا کردن/ گوش کردن تلویزیون و ویدئو
843,گوش کردن به رادیو و دستگاه‌های شنیداری (صوتی),8,فرهنگ، فراغت، رسانههای گروهی، تمرین‌های ورزشی,843 — گوش کردن به رادیو و دستگاه‌های شنیداری (صوتی)
849,سایر فعالیت‌های مرتبط با استفاده از رسانه‌های گروهی,8,فرهنگ، فراغت، رسانههای گروهی، تمرین‌های ورزشی,849 — سایر فعالیت‌های مرتبط با استفاده از رسانه‌های گروهی
850,فعالیت‌های مرتبط با فکر کردن، استراحت کردن، آرامش گرفتن (ریلکس کردن),8,فرهنگ، فراغت، رسانههای گروهی، تمرین‌های ورزشی,850 — فعالیت‌های مرتبط با فکر کردن، استراحت کردن، آرامش گرفتن (ریلکس کردن)
860,سفر مرتبط با فرهنگ، فراغت، رسانههای گروهی و تمرین‌های ورزشی,8,فرهنگ، فراغت، رسانههای گروهی، تمرین‌های ورزشی,860 — سفر مرتبط با فرهنگ، فراغت، رسانههای گروهی و تمرین‌های ورزشی
890,سایر فعـالیت‌های مرتبط با فرهنگ، فراغت، رسانههای گروهی و تمرین‌های ورزشی,8,فرهنگ، فراغت، رسانههای گروهی، تمرین‌های ورزشی,890 — سایر فعـالیت‌های مرتبط با فرهنگ، فراغت، رسانههای گروهی و تمرین‌های ورزشی
911,خواب شب/ خواب ضروری (اصلی),9,رسیدگی و خودمراقبتی,911 — خواب شب/ خواب ضروری (اصلی)
912,خواب اتفاقی (پیش‌بینی نشده)/ چرت زدن,9,رسیدگی و خودمراقبتی,912 — خواب اتفاقی (پیش‌بینی نشده)/ چرت زدن
913,بی‌خوابی,9,رسیدگی و خودمراقبتی,913 — بی‌خوابی
919,سایر خواب‌ها و فعالیت‌های مرتبط,9,رسیدگی و خودمراقبتی,919 — سایر خواب‌ها و فعالیت‌های مرتبط
921,خوردن وعده‌های غذایی/ میان‌وعده‌ها,9,رسیدگی و خودمراقبتی,921 — خوردن وعده‌های غذایی/ میان‌وعده‌ها
922,آشامیدن بدون خوردن وعده‌ غذایی یا میان‌وعده‌,9,رسیدگی و خودمراقبتی,922 — آشامیدن بدون خوردن وعده‌ غذایی یا میان‌وعده‌
931,بهداشت (پاکیزگی) و مراقبت‌های شخصی، مربوط به خود و توسط خود,9,رسیدگی و خودمراقبتی,931 — بهداشت (پاکیزگی) و مراقبت‌های شخصی، مربوط به خود و توسط خود
932,مراقبت‌های بهداشتی (تندرستی)/ پزشکی از خود، مربوط به خود و توسط خود,9,رسیدگی و خودمراقبتی,932 — مراقبت‌های بهداشتی (تندرستی)/ پزشکی از خود، مربوط به خود و توسط خود
939,سایر فعالیت‌های مرتبط با بهداشت (پاکیزگی) و مراقبت‌های شخصی، مربوط به خود و توسط خود,9,رسیدگی و خودمراقبتی,939 — سایر فعالیت‌های مرتبط با بهداشت (پاکیزگی) و مراقبت‌های شخصی، مربوط به خود و توسط خود
941,دریافت مراقبت‌های شخصی، مربوط به خود از دیگران,9,رسیدگی و خودمراقبتی,941 — دریافت مراقبت‌های شخصی، مربوط به خود از دیگران
942,دریافت مراقبت‌های بهداشتی (تندرستی)/ پزشکی، مربوط به خود از دیگران,9,رسیدگی و خودمراقبتی,942 — دریافت مراقبت‌های بهداشتی (تندرستی)/ پزشکی، مربوط به خود از دیگران
949,سایر فعالیت‌های مرتبط با دریافت مراقبت‌های شخصی و بهداشتی (تندرستی)/ پزشکی، مربوط به خود از دیگران,9,رسیدگی و خودمراقبتی,949 — سایر فعالیت‌های مرتبط با دریافت مراقبت‌های شخصی و بهداشتی (تندرستی)/ پزشکی، مربوط به خود از دیگران
950,سفر مرتبط با فعالیت‌های رسیدگی و خودمراقبتی,9,رسیدگی و خودمراقبتی,950 — سفر مرتبط با فعالیت‌های رسیدگی و خودمراقبتی
990,سایر فعالیت‌های رسیدگی و خودمراقبتی,9,رسیدگی و خودمراقبتی,990 — سایر فعالیت‌های رسیدگی و خودمراقبتی
